id,actor,site,province,city,lat,lon,kind,capacityMW,bound,status,sourceUrl,sourceGrade,quote,date,verdict,reason
ceec-zhongwei-phase1,CEEC Green Digital Technology (Zhongwei),Ningxia Zhongwei East Data West Computing hub smart green data center phase 1,Ningxia,Zhongwei,,,it_capacity,,,permitted,https://gxt.nx.gov.cn/zwgk/fdzdgknr/zdlygk/gyjn/202410/t20241008_4685007.html,primary,原则同意该项目通过节能审查。二、（能耗数据略）。 / The energy-saving review is agreed in principle. Energy-consumption figures are omitted from the public copy.,2024-09-27,APPEND,"Ningxia Industry and IT energy-saving review for a CEEC data center that is not on the Atlas. Public text redacts the energy data, so MW stays blank. Permit only, not construction. Not China Mobile Zhongwei."
chinatelecom-gba-ii,China Telecom Guangdong,China Telecom Guangdong-Hong Kong-Macao Greater Bay Area integrated data center project (II),Guangdong,Shaoguan,,,it_capacity,,,permitted,https://drc.gd.gov.cn/gdsnyj/gkmlpt/content/4/4661/post_4661481.html,primary,"建设3栋数据中心、3栋智算中心、3栋动力中心，项目建设机架8286个，折合标准机架58253个。……年综合能耗不高于177161吨标准煤（当量值），其中年电力消耗量不高于143329万千瓦时；项目PUE值不高于1.249。 / Three data center buildings, three intelligent-computing buildings, three power buildings, 8,286 racks, 58,253 standard racks. Annual energy not above 177,161 tonnes of coal equivalent, of which annual electricity not above 1,433.29 million kWh. PUE not above 1.249.",2025-01-24,APPEND,"Guangdong Energy Bureau Yue Energy Permit [2025] No. 11. The letter tells the builder to file the energy acceptance with Shaoguan DRC, which places the project in Shaoguan. Distinct from the Atlas cluster rollup. Racks and kWh are not MW. Permit only."
datang-zhongwei-500mw-pv,Datang Zhongwei New Energy (大唐中卫新能源有限公司),"Zhongwei cloud base data center green power 500 MW source-grid-load-storage PV project, 330 kV step-up station, Dongyuan Town",Ningxia,Zhongwei (Shapotou),,,grid_gen_for_dc,500,exact,permitted,https://fzggw.nx.gov.cn/zwgk/zwgkml/xzspsx/202410/t20241030_4712918.html,primary,"为满足大唐中卫云基地数据中心2GW绿电供应项目送出需要，现同意建设大唐中卫云基地数据中心绿电供应500MW源网荷储光伏项目新建330kV升压站及送出线路。 / To meet the export need of the Datang Zhongwei cloud-base data center 2 GW green-power supply project, construction of the new 330 kV step-up station and outgoing line for the 500 MW source-grid-load-storage PV project is approved.",2024-10-29,APPEND,"Primary Ningxia DRC approval names 500 MW of PV built to supply the Zhongwei cloud-base data centers. Cited State Grid Ningxia review Ningdian Development [2024] No. 611 also says 500 MW. The approved works are the station (2 x 250 MVA) and a 0.52 km line, and the letter bars start until EIA and safety permits exist. Status stays permitted. The 2 GW phrase is a separate envelope row. May 2026 commissioning reports are secondary reprints and are not used."
ordos-jiale-cloud,Inner Mongolia Jiale Data Technology,"Industrial internet industry cloud, Dongsheng equipment manufacturing base, northwest of plot F-04-01",Inner Mongolia,Ordos (Dongsheng),,,it_capacity,,,permitted,http://ordos.gov.cn/ordosml/ordoszf/bmwj/sfzhggwyh_n/202309/t20230906_3483856.html,primary,"项目建成后，年综合能源消费量当量值6826.17吨标准煤，等价值17051.54吨标准煤……产品能耗指标数据中心使用效率EEUE：1.18。 / After completion, annual energy use is 6,826.17 tce on a calorific basis and 17,051.54 tce on a coal-equivalent basis. Data center energy-use effectiveness EEUE is 1.18.",2023-05-29,APPEND,"Ordos DRC document E Fa Gai Huan Zi Fa [2023] No. 114. Small permitted data center, not the Chindata Ordos row. Coal-equivalent tonnes and the RMB 120 million investment are not MW. Plot description is not a coordinate."
qingyang-cecc-200mw-renewables,CEEC Green Digital Technology (Qingyang),Gansu Qingyang East Data West Computing source-grid-load-storage zero-carbon big-data park,Gansu,Qingyang,,,grid_gen_for_dc,200,exact,announced,https://www.nda.gov.cn/sjj/ywpd/szkjyjcss/1222/20240926133451065388117_pc.html,primary,"以风光发电为清洁电力来源，建设20万千瓦容量的风电和光伏设施……以虚拟专线供电的形式满足整体园区90%以上的可再生能源电力供应。 / Using wind and solar as the clean source, build 200 MW of wind and PV, and meet more than 90 percent of the park's power with renewables in the form of a virtual dedicated line.",2024-09-25,APPEND,"National Data Administration published case, recommended by Gansu DRC. 200 MW is generation for the park, not IT load, and the supply path is a virtual line rather than a metered on-site plant. The page is a selected promotional case, so status stays announced. Do not add the secondary 60 MW IT figure or call the halls operating from this page."
tencent-shaoguan-zhenjiang,Shaoguan Tencent Digital (韶关市腾讯数码有限公司),Tencent Shaoguan Zhenjiang computing center,Guangdong,Shaoguan,,,it_capacity,,,permitted,http://drc.gd.gov.cn/snyj/tzgg/content/post_4519024.html,primary,"建设4320个平均功率为17.36KW的机架（折合29998个标准机架）……年综合能源消费量不高于90354吨标准煤（当量值），其中年电力消耗量不高于73392万千瓦时；项目PUE值不高于1.235。 / Build 4,320 racks with average power 17.36 kW (29,998 standard racks). Annual energy use not above 90,354 tonnes of coal equivalent, of which annual electricity not above 733.92 million kWh. PUE not above 1.235.",2024-11-07,APPEND,"Guangdong Energy Bureau energy-saving review Yue Energy Permit [2024] No. 81. New project, not the generic Shaoguan cluster row. Annual kWh, standard racks, and average kW per rack are recorded as stated and are not converted to MW. A review is a permit, not construction."
xiyun-suanli-zhongwei-phase1,Ningxia West Cloud Computing Technology (宁夏西云算力科技有限公司),Ningxia intelligent computing center phase 1,Ningxia,Zhongwei,,,it_capacity,,,permitted,https://www.nxzw.gov.cn/zwgk/bmxxgkml/sgyhxxhj/fdzdgknr_49315/jnsc/202411/t20241113_4725457.html,primary,同意该项目通过节能审查，本审查意见有效期两年，自印发之日起计算。二、（能耗数据略）。 / The project passes energy-saving review. The opinion is valid for two years from the issue date. Energy figures are omitted.,2024-11-12,APPEND,"Zhongwei Industry and IT Bureau Wei Industry IT Energy Review [2024] No. 4. Legal name is 西云算力, not the AWS operator 西云数据科技 (NWCD), so it is not merged with cn-zhongwei-aws-ningxia. Energy data redacted. Permit only."
bocom-horinger-110kv,Bank of Communications Inner Mongolia Branch,"Bank of Communications Horinger New Area data center phase 1, 110 kV substation",Inner Mongolia,Hohhot (Horinger New Area),,,it_capacity,,,permitted,http://sthjj.huhhot.gov.cn/ywgz/hjyxpj/xmslqk/202508/t20250828_1926484.html,primary,"项目名称: 交通银行和林格尔新区数据中心一期110kv变电站。建设地点：内蒙古呼和浩特市和林格尔新区。 / Project name: Bank of Communications Horinger New Area data center phase 1 110 kV substation. Location: Horinger New Area, Hohhot.",2025-08-28,HOLD,"EIA acceptance notice only. No load, no MVA, no IT MW. Acceptance of an EIA file is not construction. The data center itself is not given a capacity."
chinamobile-zhongwei-202-332,China Mobile,"China Mobile (Ningxia Zhongwei) data center, B park and full campus",Ningxia,Zhongwei,,,it_capacity,332,,announced,https://xbj.nea.gov.cn/dtyw/hyxx/202606/t20260626_303639.html,secondary,"该园区B园区投产IT总功率达202兆瓦……投产IT总功率达到332兆瓦，折合标准机架13.28万架。 / B park IT power in service reaches 202 MW. Campus IT power in service reaches 332 MW, equal to 132,800 standard racks.",2026-06-26,HOLD,"Page is on the NEA Northwest Bureau site but the body credits Polaris Power. Facility is already cn-zhongwei-china-mobile. 202 MW is a subset of 332 MW, so only the campus total is in capacityMW and 202 MW stays in the quote. Not counted."
cnpc-horinger-110kv,CNPC Shared Operations Hohhot Data Branch,"CNPC Horinger data center phase 1, 110 kV substation, Cloud Valley area",Inner Mongolia,Hohhot (Horinger New Area),,,it_capacity,,,announced,http://www.helin.gov.cn/ywdt/tzgg/202608/t20260827_2032362.html,primary,本工程新建一座110kV全户内变电站，建设2×50MVA变压器……项目建设时间：2027年3月-2027年12月。 / This works is a new fully indoor 110 kV substation with 2 x 50 MVA transformers. Construction window: March 2027 to December 2027.,2026-08-27,HOLD,"County disclosure is a social-stability notice posted by the project company. 2 x 50 MVA is transformer capacity, not IT load and not generation. A future window in a consultation notice is not construction. No IT MW."
datang-zhongwei-1500mw-wind,Datang Zhongwei New Energy,Zhongwei cloud base data center green power wind portion,Ningxia,Zhongwei,,,grid_gen_for_dc,1500,,announced,https://www.nea.gov.cn/20260508/b975a9364d18444c808318430bf660cf/c.html,secondary,"中卫云基地数据中心绿电供应项目，包括50万千瓦光伏发电和150万千瓦风力发电项目。……150万千瓦风电项目计划今年9月全容量并网。 / The supply project includes 500 MW of PV and 1,500 MW of wind. The wind project is planned to reach full grid connection in September this year.",2026-05-08,HOLD,NEA page reprints China Energy News quoting a Datang engineer. No wind-project approval was fetched. A planned full-connection date in a press reprint is not construction. Promotional.
datang-zhongwei-2gw-envelope,Datang Zhongwei New Energy,Zhongwei cloud base data center green power supply program,Ningxia,Zhongwei,,,grid_gen_for_dc,2000,,announced,https://fzggw.nx.gov.cn/zwgk/zwgkml/xzspsx/202410/t20241030_4712918.html,primary,为满足大唐中卫云基地数据中心2GW绿电供应项目送出需要 / To meet the export need of the Datang Zhongwei cloud-base data center 2 GW green-power supply project,2024-10-29,HOLD,"The 2 GW figure is the program name in the same approval as the 500 MW project. It is an envelope, not a second plant. Do not add it to the 500 MW row."
horinger-cluster-load-554-1100,Horinger cluster (multiple),Horinger New Area data center cluster,Inner Mongolia,Hohhot (Horinger New Area),,,it_capacity,554,,announced,http://m.nmgnews.com.cn/nmgxw/system/2025/07/04/030183336.shtml,secondary,"已建成总负荷554MW，2025年底将达到1100MW。 / Built total load is 554 MW, and it will reach 1,100 MW by the end of 2025.",2025-07-04,HOLD,"Provincial press. Cluster-wide load, not a project. The 1,100 MW figure is a forecast and is not added to 554. Do not sum into the Atlas. Promotional."
huadian-horinger-260mw,"Huadian Energy, Horinger New Area",Horinger 300 MW industrial park green power supply project,Inner Mongolia,Hohhot (Horinger),,,grid_gen_for_dc,260,,permitted,http://www.bbda.com/bidDetail/e75d269a3ae6c961f229b8299cb1699d015b97f146c84c3163d6df56af78f93e.html,secondary,"风电场规划容量为260MW，拟采用42台单机容量6.25MW的风力发电机组，储能75MW/300MWh。 / The wind farm planned capacity is 260 MW, using 42 turbines of 6.25 MW, plus storage of 75 MW / 300 MWh.",2026-08-03,HOLD,"The excerpt is a commercial reprint of Hohhot ecology approval Hu Huan Zheng Pi [2026] No. 78, not the gov.cn original. Title says a 300 MW industrial-park supply project. The body figure used here is the 260 MW wind plan. Storage 75 MW / 300 MWh is not generation and is not added. The text does not name a data center, so it is not appended as computing-center supply."
qingyang-cecc-110kv,China Energy Engineering Guangdong Institute,Qingyang East Data West Computing park 110 kV Nengjian No. 1 substation,Gansu,Qingyang,,,grid_gen_for_dc,,,announced,http://www.chinapower.com.cn:42808/dlxxh/zhxw/20240910/259898.html,secondary,甘肃庆阳“东数西算”源网荷储一体化智慧零碳大数据产业园示范项目数据中心工程110千伏能建1号变电站建成投产。 / The 110 kV Nengjian No. 1 substation for the park data center project was completed and put into operation.,2024-09-10,HOLD,Trade press. No megawatts and no transformer MVA. A press report of commissioning is not used as operating status.
qingyang-cecc-60mw-it,CEEC Green Digital Technology (Qingyang),Qingyang source-grid-load-storage zero-carbon big-data park data halls,Gansu,Qingyang,,,it_capacity,60,,announced,https://www.escn.com.cn/news/show-1711901.html,secondary,"设计建设折合2.4万2.5千瓦标准机柜，总功率60000千瓦。 / Designed as the equivalent of 24,000 standard cabinets of 2.5 kW, total power 60,000 kW.",2024-09-29,HOLD,"Trade press citing China Energy Engineering. 60 MW is stated as total power, separate from the 200 MW renewable case. Partial hall use in the same article is not a primary construction record. Do not count until a government filing repeats 60,000 kW."
qingyang-diantou-aggregation,Gansu Power Investment Qingyang New Energy,Qingyang East Data West Computing park green-power aggregation pilot,Gansu,Qingyang,,,grid_gen_for_dc,1000,,announced,http://xxzx.fujian.gov.cn/jjxx/szjj/202602/t20260203_7088421.htm,secondary,"总规划装机200万千瓦，采用分期建设。首批建设100万千瓦新能源项目，包含75万千瓦风电项目与25万千瓦光伏项目。 / Planned installation 2,000 MW in phases. First slice 1,000 MW, including 750 MW of wind and 250 MW of PV.",2026-01-30,HOLD,"Xinhua reprint on a Fujian government site. State media, promotional. First machines are said to have synchronized. No DRC or grid approval page was fetched, so status stays announced. The 2,000 MW plan is the program total and is not a second row. Separate owner from the CEEC 200 MW case. capacityMW records only the first slice named in the sentence, not a sum of slices."
unicom-qinghai-phase2-16-8,China Unicom Qinghai,"Sanjiangyuan green-power intelligent computing park, phase 2",Qinghai,Xining (Nanchuan),,,it_capacity,16.8,,announced,http://www.qinghai.gov.cn/zwgk/system/2024/08/19/030051532.shtml,secondary,"二期项目拟投资8.8亿元，重点建设智算机房，规划840架高功率服务器机柜，IT总用电容量约16.80MW。 / Phase 2 is planned at RMB 880 million, 840 high-power racks, IT electricity capacity about 16.80 MW.",2024-08-19,HOLD,"Qinghai Daily on the provincial government site. The MW is explicitly IT load but it is planned (拟) and approximate (约), from a signing ceremony, not a filing. Not approx_filing. Investment and the 10,000P figure are not MW."
unicom-qinghai-phase3-32,China Unicom Qinghai,"Sanjiangyuan green-power intelligent computing park, phase 3",Qinghai,Xining (Nanchuan),,,it_capacity,32,,announced,http://www.qinghai.gov.cn/zwgk/system/2024/08/19/030051532.shtml,secondary,"三期项目拟投资9.8亿元，重点建设3栋智算中心，共规划智算服务器机架约984架，总用电容量约32MW。 / Phase 3 is planned at RMB 980 million, three halls, about 984 racks, total electricity capacity about 32 MW.",2024-08-19,HOLD,"Same ceremony report as phase 2. Separate phase, so it is not added to 16.8 MW. Approximate and planned. Not a filing."
unicom-trina-microgrid-kwh,China Unicom and Trina Solar,Sanjiangyuan green-power intelligent computing microgrid,Qinghai,Xining,,,btm_gen,,,announced,http://www.qinghai.gov.cn/zwgk/system/2025/04/19/030070420.shtml,secondary,"通过绿电直供智算中心，年均可提供约1000万千瓦时零碳电力，绿电消纳比例达100%。 / Direct green power to the computing center can supply about 10 million kWh of zero-carbon electricity a year, with 100 percent local use.",2025-04-19,HOLD,"Qinghai Daily on qinghai.gov.cn. Annual kWh is not MW. Ceremony language about full-capacity grid connection is not a grid filing. Kind is on-site or direct supply, but capacity stays blank."
wuhu-cluster-energy-reviews,"Wuhu cluster (multiple, unnamed)",Wuhu data center cluster start area,Anhui,Wuhu,,,it_capacity,,,announced,https://sjzyj.wuhu.gov.cn/openness/public/6596821/39289607.html,primary,"现已有10个项目能评批复。供电方面，规划新建变电站6个、总投资20亿元。 / Ten projects now have energy-review approval. On power supply, six new substations are planned, total investment RMB 2 billion.",,HOLD,"Municipal reply confirms a batch of energy reviews and planned substations, without naming projects or stating MW. Investment is not MW. Do not invent ten rows. The fetched text does not give a document date, so date is blank."
alibaba-zhangbei-200-duplicate,Alibaba,Zhangbei data center cluster,Hebei,Zhangjiakou (Zhangbei),,,it_capacity,200,exact,operational,https://www.alibabacloud.com/blog/alibaba-cloud-zhangbei-data-center_594299,secondary,Already on the Atlas as alibaba-zhangbei-renewable at 200 MW it_capacity and as facility cn-zhangbei-alibaba.,2016-09,REJECT,Duplicate of existing commitment and facility rows. Not a new government find.
chinamobile-horinger-pflops-duplicate,China Mobile,"Hohhot intelligent computing center, Horinger",Inner Mongolia,Hohhot (Horinger),,,it_capacity,,,operational,https://www.news.cn/politics/20250530/e5da7c9099b04454a53b00502b5c6fca/c.html,secondary,以每秒670亿亿次浮点运算能力 / at 6.7 quintillion floating-point operations per second,2025-05-30,REJECT,Already cn-horinger-china-mobile. PFLOPS-class figures are not MW. Xinhua cluster story is promotional.
datang-zhongwei-4600mw-talk,Datang (as described by press),Zhongwei later-phase green power supply talk,Ningxia,Zhongwei,,,grid_gen_for_dc,4600,,announced,https://www.nea.gov.cn/20260508/b975a9364d18444c808318430bf660cf/c.html,secondary,"后续二期项目的接续建设，中卫市将形成规模达460万千瓦的全国首个大规模“算电协同”绿电供应项目。 / With a later phase, Zhongwei will form a 4,600 MW green-power supply project.",2026-05-08,REJECT,Journalist line in a China Energy News reprint. No filing. Do not add to the 500 MW approval or the 2 GW envelope.
edwc-hub-letters,NDRC and co-signers,Eight national computing hubs and ten clusters,,,,,it_capacity,,,announced,https://www.ncsti.gov.cn/kjdt/ztbd/dsxs/zcwj/202204/t20220428_75876.html,primary,长三角枢纽规划设立长三角生态绿色一体化发展示范区数据中心集群和芜湖数据中心集群。……数据中心电能利用效率指标控制在1.25以内。 / The Yangtze Delta hub sets the demonstration-zone cluster and the Wuhu cluster. Data center PUE is controlled within 1.25.,2022-02,REJECT,Hub start-area policy with no project MW. Already policy row cn-edwc. Hub targets are announced only and are never summed.
shaoguan-cluster-rollup-duplicate,"China Telecom, China Mobile, China Unicom",Shaoguan national data center cluster,Guangdong,Shaoguan,,,it_capacity,,,construction,,secondary,Atlas row cn-shaoguan-gba-cluster already covers the carrier cluster rollup.,,REJECT,"Duplicate of the existing cluster rollup. The Tencent Zhenjiang review and the China Telecom project II review are separate APPEND rows, not a second copy of this rollup."
tencent-shaoguan-do-not-convert,Shaoguan Tencent Digital,Tencent Shaoguan Zhenjiang computing center,Guangdong,Shaoguan,,,it_capacity,,,permitted,http://drc.gd.gov.cn/snyj/tzgg/content/post_4519024.html,primary,"建设4320个平均功率为17.36KW的机架（折合29998个标准机架）。 / Build 4,320 racks with average power 17.36 kW (29,998 standard racks).",2024-11-07,REJECT,Reject any MW computed by multiplying rack count by average kilowatts per rack. The permit does not state a total MW. The project itself is the APPEND row tencent-shaoguan-zhenjiang with blank MW.
